"Category","Fuel","Segment","Euro Standard","Include",
"Passenger Cars","Petrol","Mini","Euro 4",False,
"Passenger Cars","Petrol","Mini","Euro 5",False,
"Passenger Cars","Petrol","Mini","Euro 6 a/b/c",False,
"Passenger Cars","Petrol","Mini","Euro 6 d-temp",False,
"Passenger Cars","Petrol","Mini","Euro 6 d/e",False,
"Passenger Cars","Petrol","Mini","Euro 7",False,
"Passenger Cars","Petrol","Small","PRE ECE",False,
"Passenger Cars","Petrol","Small","ECE 15/00-01",False,
"Passenger Cars","Petrol","Small","ECE 15/02",False,
"Passenger Cars","Petrol","Small","ECE 15/03",False,
"Passenger Cars","Petrol","Small","ECE 15/04",False,
"Passenger Cars","Petrol","Small","Improved Conventional",False,
"Passenger Cars","Petrol","Small","Open Loop",False,
"Passenger Cars","Petrol","Small","Euro 1",False,
"Passenger Cars","Petrol","Small","Euro 2",False,
"Passenger Cars","Petrol","Small","Euro 3",False,
"Passenger Cars","Petrol","Small","Euro 4",False,
"Passenger Cars","Petrol","Small","Euro 5",False,
"Passenger Cars","Petrol","Small","Euro 6 a/b/c",False,
"Passenger Cars","Petrol","Small","Euro 6 d-temp",False,
"Passenger Cars","Petrol","Small","Euro 6 d/e",False,
"Passenger Cars","Petrol","Small","Euro 7",False,
"Passenger Cars","Petrol","Medium","PRE ECE",False,
"Passenger Cars","Petrol","Medium","ECE 15/00-01",False,
"Passenger Cars","Petrol","Medium","ECE 15/02",False,
"Passenger Cars","Petrol","Medium","ECE 15/03",False,
"Passenger Cars","Petrol","Medium","ECE 15/04",False,
"Passenger Cars","Petrol","Medium","Improved Conventional",False,
"Passenger Cars","Petrol","Medium","Open Loop",False,
"Passenger Cars","Petrol","Medium","Euro 1",False,
"Passenger Cars","Petrol","Medium","Euro 2",False,
"Passenger Cars","Petrol","Medium","Euro 3",False,
"Passenger Cars","Petrol","Medium","Euro 4",False,
"Passenger Cars","Petrol","Medium","Euro 5",False,
"Passenger Cars","Petrol","Medium","Euro 6 a/b/c",False,
"Passenger Cars","Petrol","Medium","Euro 6 d-temp",False,
"Passenger Cars","Petrol","Medium","Euro 6 d/e",False,
"Passenger Cars","Petrol","Medium","Euro 7",False,
"Passenger Cars","Petrol","Large-SUV-Executive","PRE ECE",False,
"Passenger Cars","Petrol","Large-SUV-Executive","ECE 15/00-01",False,
"Passenger Cars","Petrol","Large-SUV-Executive","ECE 15/02",False,
"Passenger Cars","Petrol","Large-SUV-Executive","ECE 15/03",False,
"Passenger Cars","Petrol","Large-SUV-Executive","ECE 15/04",False,
"Passenger Cars","Petrol","Large-SUV-Executive","Euro 1",False,
"Passenger Cars","Petrol","Large-SUV-Executive","Euro 2",False,
"Passenger Cars","Petrol","Large-SUV-Executive","Euro 3",False,
"Passenger Cars","Petrol","Large-SUV-Executive","Euro 4",False,
"Passenger Cars","Petrol","Large-SUV-Executive","Euro 5",False,
"Passenger Cars","Petrol","Large-SUV-Executive","Euro 6 a/b/c",False,
"Passenger Cars","Petrol","Large-SUV-Executive","Euro 6 d-temp",False,
"Passenger Cars","Petrol","Large-SUV-Executive","Euro 6 d/e",False,
"Passenger Cars","Petrol","Large-SUV-Executive","Euro 7",False,
"Passenger Cars","Petrol","2-Stroke","Conventional",False,
"Passenger Cars","Petrol Hybrid","Mini","Euro 4",False,
"Passenger Cars","Petrol Hybrid","Mini","Euro 5",False,
"Passenger Cars","Petrol Hybrid","Mini","Euro 6 a/b/c",False,
"Passenger Cars","Petrol Hybrid","Mini","Euro 6 d-temp",False,
"Passenger Cars","Petrol Hybrid","Mini","Euro 6 d/e",False,
"Passenger Cars","Petrol Hybrid","Mini","Euro 7",False,
"Passenger Cars","Petrol Hybrid","Small","Euro 4",False,
"Passenger Cars","Petrol Hybrid","Small","Euro 5",False,
"Passenger Cars","Petrol Hybrid","Small","Euro 6 a/b/c",False,
"Passenger Cars","Petrol Hybrid","Small","Euro 6 d-temp",False,
"Passenger Cars","Petrol Hybrid","Small","Euro 6 d/e",False,
"Passenger Cars","Petrol Hybrid","Small","Euro 7",False,
"Passenger Cars","Petrol Hybrid","Medium","Euro 4",False,
"Passenger Cars","Petrol Hybrid","Medium","Euro 5",False,
"Passenger Cars","Petrol Hybrid","Medium","Euro 6 a/b/c",False,
"Passenger Cars","Petrol Hybrid","Medium","Euro 6 d-temp",False,
"Passenger Cars","Petrol Hybrid","Medium","Euro 6 d/e",False,
"Passenger Cars","Petrol Hybrid","Medium","Euro 7",False,
"Passenger Cars","Petrol Hybrid","Large-SUV-Executive","Euro 4",False,
"Passenger Cars","Petrol Hybrid","Large-SUV-Executive","Euro 5",False,
"Passenger Cars","Petrol Hybrid","Large-SUV-Executive","Euro 6 a/b/c",False,
"Passenger Cars","Petrol Hybrid","Large-SUV-Executive","Euro 6 d-temp",False,
"Passenger Cars","Petrol Hybrid","Large-SUV-Executive","Euro 6 d/e",False,
"Passenger Cars","Petrol Hybrid","Large-SUV-Executive","Euro 7",False,
"Passenger Cars","Petrol PHEV","Small","Euro 6 a/b/c",False,
"Passenger Cars","Petrol PHEV","Small","Euro 6 d-temp",False,
"Passenger Cars","Petrol PHEV","Small","Euro 6 d/e",False,
"Passenger Cars","Petrol PHEV","Small","Euro 7",False,
"Passenger Cars","Petrol PHEV","Medium","Euro 6 a/b/c",False,
"Passenger Cars","Petrol PHEV","Medium","Euro 6 d-temp",False,
"Passenger Cars","Petrol PHEV","Medium","Euro 6 d/e",False,
"Passenger Cars","Petrol PHEV","Medium","Euro 7",False,
"Passenger Cars","Petrol PHEV","Large-SUV-Executive","Euro 6 a/b/c",False,
"Passenger Cars","Petrol PHEV","Large-SUV-Executive","Euro 6 d-temp",False,
"Passenger Cars","Petrol PHEV","Large-SUV-Executive","Euro 6 d/e",False,
"Passenger Cars","Petrol PHEV","Large-SUV-Executive","Euro 7",False,
"Passenger Cars","Diesel","Mini","Euro 4",False,
"Passenger Cars","Diesel","Mini","Euro 5",False,
"Passenger Cars","Diesel","Mini","Euro 6 a/b/c",False,
"Passenger Cars","Diesel","Mini","Euro 6 d-temp",False,
"Passenger Cars","Diesel","Mini","Euro 6 d/e",False,
"Passenger Cars","Diesel","Mini","Euro 7",False,
"Passenger Cars","Diesel","Small","Conventional",False,
"Passenger Cars","Diesel","Small","Euro 1",False,
"Passenger Cars","Diesel","Small","Euro 2",False,
"Passenger Cars","Diesel","Small","Euro 3",False,
"Passenger Cars","Diesel","Small","Euro 4",False,
"Passenger Cars","Diesel","Small","Euro 5",False,
"Passenger Cars","Diesel","Small","Euro 6 a/b/c",False,
"Passenger Cars","Diesel","Small","Euro 6 d-temp",False,
"Passenger Cars","Diesel","Small","Euro 6 d/e",False,
"Passenger Cars","Diesel","Small","Euro 7",False,
"Passenger Cars","Diesel","Medium","Conventional",False,
"Passenger Cars","Diesel","Medium","Euro 1",False,
"Passenger Cars","Diesel","Medium","Euro 2",False,
"Passenger Cars","Diesel","Medium","Euro 3",False,
"Passenger Cars","Diesel","Medium","Euro 4",False,
"Passenger Cars","Diesel","Medium","Euro 5",False,
"Passenger Cars","Diesel","Medium","Euro 6 a/b/c",False,
"Passenger Cars","Diesel","Medium","Euro 6 d-temp",False,
"Passenger Cars","Diesel","Medium","Euro 6 d/e",False,
"Passenger Cars","Diesel","Medium","Euro 7",False,
"Passenger Cars","Diesel","Large-SUV-Executive","Conventional",False,
"Passenger Cars","Diesel","Large-SUV-Executive","Euro 1",False,
"Passenger Cars","Diesel","Large-SUV-Executive","Euro 2",False,
"Passenger Cars","Diesel","Large-SUV-Executive","Euro 3",False,
"Passenger Cars","Diesel","Large-SUV-Executive","Euro 4",False,
"Passenger Cars","Diesel","Large-SUV-Executive","Euro 5",False,
"Passenger Cars","Diesel","Large-SUV-Executive","Euro 6 a/b/c",False,
"Passenger Cars","Diesel","Large-SUV-Executive","Euro 6 d-temp",False,
"Passenger Cars","Diesel","Large-SUV-Executive","Euro 6 d/e",False,
"Passenger Cars","Diesel","Large-SUV-Executive","Euro 7",False,
"Passenger Cars","Diesel PHEV","Large-SUV-Executive","Euro 6 a/b/c",False,
"Passenger Cars","Diesel PHEV","Large-SUV-Executive","Euro 6 d-temp",False,
"Passenger Cars","Diesel PHEV","Large-SUV-Executive","Euro 6 d/e",False,
"Passenger Cars","Diesel PHEV","Large-SUV-Executive","Euro 7",False,
"Passenger Cars","LPG Bifuel","Mini","Euro 4",False,
"Passenger Cars","LPG Bifuel","Mini","Euro 5",False,
"Passenger Cars","LPG Bifuel","Mini","Euro 6 a/b/c",False,
"Passenger Cars","LPG Bifuel","Mini","Euro 6 d-temp",False,
"Passenger Cars","LPG Bifuel","Mini","Euro 6 d/e",False,
"Passenger Cars","LPG Bifuel","Mini","Euro 7",False,
"Passenger Cars","LPG Bifuel","Small","Conventional",False,
"Passenger Cars","LPG Bifuel","Small","Euro 1",False,
"Passenger Cars","LPG Bifuel","Small","Euro 2",False,
"Passenger Cars","LPG Bifuel","Small","Euro 3",False,
"Passenger Cars","LPG Bifuel","Small","Euro 4",False,
"Passenger Cars","LPG Bifuel","Small","Euro 5",False,
"Passenger Cars","LPG Bifuel","Small","Euro 6 a/b/c",False,
"Passenger Cars","LPG Bifuel","Small","Euro 6 d-temp",False,
"Passenger Cars","LPG Bifuel","Small","Euro 6 d/e",False,
"Passenger Cars","LPG Bifuel","Small","Euro 7",False,
"Passenger Cars","LPG Bifuel","Medium","Conventional",False,
"Passenger Cars","LPG Bifuel","Medium","Euro 1",False,
"Passenger Cars","LPG Bifuel","Medium","Euro 2",False,
"Passenger Cars","LPG Bifuel","Medium","Euro 3",False,
"Passenger Cars","LPG Bifuel","Medium","Euro 4",False,
"Passenger Cars","LPG Bifuel","Medium","Euro 5",False,
"Passenger Cars","LPG Bifuel","Medium","Euro 6 a/b/c",False,
"Passenger Cars","LPG Bifuel","Medium","Euro 6 d-temp",False,
"Passenger Cars","LPG Bifuel","Medium","Euro 6 d/e",False,
"Passenger Cars","LPG Bifuel","Medium","Euro 7",False,
"Passenger Cars","LPG Bifuel","Large-SUV-Executive","Conventional",False,
"Passenger Cars","LPG Bifuel","Large-SUV-Executive","Euro 1",False,
"Passenger Cars","LPG Bifuel","Large-SUV-Executive","Euro 2",False,
"Passenger Cars","LPG Bifuel","Large-SUV-Executive","Euro 3",False,
"Passenger Cars","LPG Bifuel","Large-SUV-Executive","Euro 4",False,
"Passenger Cars","LPG Bifuel","Large-SUV-Executive","Euro 5",False,
"Passenger Cars","LPG Bifuel","Large-SUV-Executive","Euro 6 a/b/c",False,
"Passenger Cars","LPG Bifuel","Large-SUV-Executive","Euro 6 d-temp",False,
"Passenger Cars","LPG Bifuel","Large-SUV-Executive","Euro 6 d/e",False,
"Passenger Cars","LPG Bifuel","Large-SUV-Executive","Euro 7",False,
"Passenger Cars","CNG Bifuel","Mini","Euro 4",False,
"Passenger Cars","CNG Bifuel","Mini","Euro 5",False,
"Passenger Cars","CNG Bifuel","Mini","Euro 6 a/b/c",False,
"Passenger Cars","CNG Bifuel","Mini","Euro 6 d-temp",False,
"Passenger Cars","CNG Bifuel","Mini","Euro 6 d/e",False,
"Passenger Cars","CNG Bifuel","Mini","Euro 7",False,
"Passenger Cars","CNG Bifuel","Small","Euro 4",False,
"Passenger Cars","CNG Bifuel","Small","Euro 5",False,
"Passenger Cars","CNG Bifuel","Small","Euro 6 a/b/c",False,
"Passenger Cars","CNG Bifuel","Small","Euro 6 d-temp",False,
"Passenger Cars","CNG Bifuel","Small","Euro 6 d/e",False,
"Passenger Cars","CNG Bifuel","Small","Euro 7",False,
"Passenger Cars","CNG Bifuel","Medium","Euro 4",False,
"Passenger Cars","CNG Bifuel","Medium","Euro 5",False,
"Passenger Cars","CNG Bifuel","Medium","Euro 6 a/b/c",False,
"Passenger Cars","CNG Bifuel","Medium","Euro 6 d-temp",False,
"Passenger Cars","CNG Bifuel","Medium","Euro 6 d/e",False,
"Passenger Cars","CNG Bifuel","Medium","Euro 7",False,
"Passenger Cars","CNG Bifuel","Large-SUV-Executive","Euro 4",False,
"Passenger Cars","CNG Bifuel","Large-SUV-Executive","Euro 5",False,
"Passenger Cars","CNG Bifuel","Large-SUV-Executive","Euro 6 a/b/c",False,
"Passenger Cars","CNG Bifuel","Large-SUV-Executive","Euro 6 d-temp",False,
"Passenger Cars","CNG Bifuel","Large-SUV-Executive","Euro 6 d/e",False,
"Passenger Cars","CNG Bifuel","Large-SUV-Executive","Euro 7",False,
"Passenger Cars","Battery electric","Mini","Euro 6 a/b/c",False,
"Passenger Cars","Battery electric","Mini","Euro 6 d-temp",False,
"Passenger Cars","Battery electric","Mini","Euro 6 d/e",False,
"Passenger Cars","Battery electric","Mini","Euro 7",False,
"Passenger Cars","Battery electric","Small","Euro 6 a/b/c",False,
"Passenger Cars","Battery electric","Small","Euro 6 d-temp",False,
"Passenger Cars","Battery electric","Small","Euro 6 d/e",False,
"Passenger Cars","Battery electric","Small","Euro 7",False,
"Passenger Cars","Battery electric","Medium","Euro 6 a/b/c",False,
"Passenger Cars","Battery electric","Medium","Euro 6 d-temp",False,
"Passenger Cars","Battery electric","Medium","Euro 6 d/e",False,
"Passenger Cars","Battery electric","Medium","Euro 7",False,
"Passenger Cars","Battery electric","Large-SUV-Executive","Euro 6 a/b/c",False,
"Passenger Cars","Battery electric","Large-SUV-Executive","Euro 6 d-temp",False,
"Passenger Cars","Battery electric","Large-SUV-Executive","Euro 6 d/e",False,
"Passenger Cars","Battery electric","Large-SUV-Executive","Euro 7",False,
"Light Commercial Vehicles","Petrol","N1-I","Conventional",False,
"Light Commercial Vehicles","Petrol","N1-I","Euro 1",False,
"Light Commercial Vehicles","Petrol","N1-I","Euro 2",False,
"Light Commercial Vehicles","Petrol","N1-I","Euro 3",False,
"Light Commercial Vehicles","Petrol","N1-I","Euro 4",False,
"Light Commercial Vehicles","Petrol","N1-I","Euro 5",False,
"Light Commercial Vehicles","Petrol","N1-I","Euro 6 a/b/c",False,
"Light Commercial Vehicles","Petrol","N1-I","Euro 6 d-temp",False,
"Light Commercial Vehicles","Petrol","N1-I","Euro 6 d/e",False,
"Light Commercial Vehicles","Petrol","N1-I","Euro 7",False,
"Light Commercial Vehicles","Petrol","N1-II","Conventional",False,
"Light Commercial Vehicles","Petrol","N1-II","Euro 1",False,
"Light Commercial Vehicles","Petrol","N1-II","Euro 2",False,
"Light Commercial Vehicles","Petrol","N1-II","Euro 3",False,
"Light Commercial Vehicles","Petrol","N1-II","Euro 4",False,
"Light Commercial Vehicles","Petrol","N1-II","Euro 5",False,
"Light Commercial Vehicles","Petrol","N1-II","Euro 6 a/b/c",False,
"Light Commercial Vehicles","Petrol","N1-II","Euro 6 d-temp",False,
"Light Commercial Vehicles","Petrol","N1-II","Euro 6 d/e",False,
"Light Commercial Vehicles","Petrol","N1-II","Euro 7",False,
"Light Commercial Vehicles","Petrol","N1-III","Conventional",False,
"Light Commercial Vehicles","Petrol","N1-III","Euro 1",False,
"Light Commercial Vehicles","Petrol","N1-III","Euro 2",False,
"Light Commercial Vehicles","Petrol","N1-III","Euro 3",False,
"Light Commercial Vehicles","Petrol","N1-III","Euro 4",False,
"Light Commercial Vehicles","Petrol","N1-III","Euro 5",False,
"Light Commercial Vehicles","Petrol","N1-III","Euro 6 a/b/c",False,
"Light Commercial Vehicles","Petrol","N1-III","Euro 6 d-temp",False,
"Light Commercial Vehicles","Petrol","N1-III","Euro 6 d/e",False,
"Light Commercial Vehicles","Petrol","N1-III","Euro 7",False,
"Light Commercial Vehicles","Diesel","N1-I","Conventional",False,
"Light Commercial Vehicles","Diesel","N1-I","Euro 1",False,
"Light Commercial Vehicles","Diesel","N1-I","Euro 2",False,
"Light Commercial Vehicles","Diesel","N1-I","Euro 3",False,
"Light Commercial Vehicles","Diesel","N1-I","Euro 4",False,
"Light Commercial Vehicles","Diesel","N1-I","Euro 5",False,
"Light Commercial Vehicles","Diesel","N1-I","Euro 6 a/b/c",False,
"Light Commercial Vehicles","Diesel","N1-I","Euro 6 d-temp",False,
"Light Commercial Vehicles","Diesel","N1-I","Euro 6 d/e",False,
"Light Commercial Vehicles","Diesel","N1-I","Euro 7",False,
"Light Commercial Vehicles","Diesel","N1-II","Conventional",False,
"Light Commercial Vehicles","Diesel","N1-II","Euro 1",False,
"Light Commercial Vehicles","Diesel","N1-II","Euro 2",False,
"Light Commercial Vehicles","Diesel","N1-II","Euro 3",False,
"Light Commercial Vehicles","Diesel","N1-II","Euro 4",False,
"Light Commercial Vehicles","Diesel","N1-II","Euro 5",False,
"Light Commercial Vehicles","Diesel","N1-II","Euro 6 a/b/c",False,
"Light Commercial Vehicles","Diesel","N1-II","Euro 6 d-temp",False,
"Light Commercial Vehicles","Diesel","N1-II","Euro 6 d/e",False,
"Light Commercial Vehicles","Diesel","N1-II","Euro 7",False,
"Light Commercial Vehicles","Diesel","N1-III","Conventional",False,
"Light Commercial Vehicles","Diesel","N1-III","Euro 1",False,
"Light Commercial Vehicles","Diesel","N1-III","Euro 2",False,
"Light Commercial Vehicles","Diesel","N1-III","Euro 3",False,
"Light Commercial Vehicles","Diesel","N1-III","Euro 4",False,
"Light Commercial Vehicles","Diesel","N1-III","Euro 5",False,
"Light Commercial Vehicles","Diesel","N1-III","Euro 6 a/b/c",False,
"Light Commercial Vehicles","Diesel","N1-III","Euro 6 d-temp",False,
"Light Commercial Vehicles","Diesel","N1-III","Euro 6 d/e",False,
"Light Commercial Vehicles","Diesel","N1-III","Euro 7",False,
"Light Commercial Vehicles","Battery electric","N1-I","Euro 6 a/b/c",False,
"Light Commercial Vehicles","Battery electric","N1-I","Euro 6 d-temp",False,
"Light Commercial Vehicles","Battery electric","N1-I","Euro 6 d/e",False,
"Light Commercial Vehicles","Battery electric","N1-I","Euro 7",False,
"Light Commercial Vehicles","Battery electric","N1-II","Euro 6 a/b/c",False,
"Light Commercial Vehicles","Battery electric","N1-II","Euro 6 d-temp",False,
"Light Commercial Vehicles","Battery electric","N1-II","Euro 6 d/e",False,
"Light Commercial Vehicles","Battery electric","N1-II","Euro 7",False,
"Light Commercial Vehicles","Battery electric","N1-III","Euro 6 a/b/c",False,
"Light Commercial Vehicles","Battery electric","N1-III","Euro 6 d-temp",False,
"Light Commercial Vehicles","Battery electric","N1-III","Euro 6 d/e",False,
"Light Commercial Vehicles","Battery electric","N1-III","Euro 7",False,
"Heavy Duty Trucks","Petrol",">3,5 t","Conventional",False,
"Heavy Duty Trucks","Diesel","Rigid <=7,5 t","Conventional",False,
"Heavy Duty Trucks","Diesel","Rigid <=7,5 t","Euro I",False,
"Heavy Duty Trucks","Diesel","Rigid <=7,5 t","Euro II",False,
"Heavy Duty Trucks","Diesel","Rigid <=7,5 t","Euro III",False,
"Heavy Duty Trucks","Diesel","Rigid <=7,5 t","Euro IV",False,
"Heavy Duty Trucks","Diesel","Rigid <=7,5 t","Euro V",False,
"Heavy Duty Trucks","Diesel","Rigid <=7,5 t","Euro VI A/B/C",False,
"Heavy Duty Trucks","Diesel","Rigid <=7,5 t","Euro VI D/E",False,
"Heavy Duty Trucks","Diesel","Rigid <=7,5 t","Euro VII",False,
"Heavy Duty Trucks","Diesel","Rigid 7,5 - 12 t","Conventional",False,
"Heavy Duty Trucks","Diesel","Rigid 7,5 - 12 t","Euro I",False,
"Heavy Duty Trucks","Diesel","Rigid 7,5 - 12 t","Euro II",False,
"Heavy Duty Trucks","Diesel","Rigid 7,5 - 12 t","Euro III",False,
"Heavy Duty Trucks","Diesel","Rigid 7,5 - 12 t","Euro IV",False,
"Heavy Duty Trucks","Diesel","Rigid 7,5 - 12 t","Euro V",False,
"Heavy Duty Trucks","Diesel","Rigid 7,5 - 12 t","Euro VI A/B/C",False,
"Heavy Duty Trucks","Diesel","Rigid 7,5 - 12 t","Euro VI D/E",False,
"Heavy Duty Trucks","Diesel","Rigid 7,5 - 12 t","Euro VII",False,
"Heavy Duty Trucks","Diesel","Rigid 12 - 14 t","Conventional",False,
"Heavy Duty Trucks","Diesel","Rigid 12 - 14 t","Euro I",False,
"Heavy Duty Trucks","Diesel","Rigid 12 - 14 t","Euro II",False,
"Heavy Duty Trucks","Diesel","Rigid 12 - 14 t","Euro III",False,
"Heavy Duty Trucks","Diesel","Rigid 12 - 14 t","Euro IV",False,
"Heavy Duty Trucks","Diesel","Rigid 12 - 14 t","Euro V",False,
"Heavy Duty Trucks","Diesel","Rigid 12 - 14 t","Euro VI A/B/C",False,
"Heavy Duty Trucks","Diesel","Rigid 12 - 14 t","Euro VI D/E",False,
"Heavy Duty Trucks","Diesel","Rigid 12 - 14 t","Euro VII",False,
"Heavy Duty Trucks","Diesel","Rigid 14 - 20 t","Conventional",False,
"Heavy Duty Trucks","Diesel","Rigid 14 - 20 t","Euro I",False,
"Heavy Duty Trucks","Diesel","Rigid 14 - 20 t","Euro II",False,
"Heavy Duty Trucks","Diesel","Rigid 14 - 20 t","Euro III",False,
"Heavy Duty Trucks","Diesel","Rigid 14 - 20 t","Euro IV",False,
"Heavy Duty Trucks","Diesel","Rigid 14 - 20 t","Euro V",False,
"Heavy Duty Trucks","Diesel","Rigid 14 - 20 t","Euro VI A/B/C",False,
"Heavy Duty Trucks","Diesel","Rigid 14 - 20 t","Euro VI D/E",False,
"Heavy Duty Trucks","Diesel","Rigid 14 - 20 t","Euro VII",False,
"Heavy Duty Trucks","Diesel","Rigid 20 - 26 t","Conventional",False,
"Heavy Duty Trucks","Diesel","Rigid 20 - 26 t","Euro I",False,
"Heavy Duty Trucks","Diesel","Rigid 20 - 26 t","Euro II",False,
"Heavy Duty Trucks","Diesel","Rigid 20 - 26 t","Euro III",False,
"Heavy Duty Trucks","Diesel","Rigid 20 - 26 t","Euro IV",False,
"Heavy Duty Trucks","Diesel","Rigid 20 - 26 t","Euro V",False,
"Heavy Duty Trucks","Diesel","Rigid 20 - 26 t","Euro VI A/B/C",False,
"Heavy Duty Trucks","Diesel","Rigid 20 - 26 t","Euro VI D/E",False,
"Heavy Duty Trucks","Diesel","Rigid 20 - 26 t","Euro VII",False,
"Heavy Duty Trucks","Diesel","Rigid 26 - 28 t","Conventional",False,
"Heavy Duty Trucks","Diesel","Rigid 26 - 28 t","Euro I",False,
"Heavy Duty Trucks","Diesel","Rigid 26 - 28 t","Euro II",False,
"Heavy Duty Trucks","Diesel","Rigid 26 - 28 t","Euro III",False,
"Heavy Duty Trucks","Diesel","Rigid 26 - 28 t","Euro IV",False,
"Heavy Duty Trucks","Diesel","Rigid 26 - 28 t","Euro V",False,
"Heavy Duty Trucks","Diesel","Rigid 26 - 28 t","Euro VI A/B/C",False,
"Heavy Duty Trucks","Diesel","Rigid 26 - 28 t","Euro VI D/E",False,
"Heavy Duty Trucks","Diesel","Rigid 26 - 28 t","Euro VII",False,
"Heavy Duty Trucks","Diesel","Rigid 28 - 32 t","Conventional",False,
"Heavy Duty Trucks","Diesel","Rigid 28 - 32 t","Euro I",False,
"Heavy Duty Trucks","Diesel","Rigid 28 - 32 t","Euro II",False,
"Heavy Duty Trucks","Diesel","Rigid 28 - 32 t","Euro III",False,
"Heavy Duty Trucks","Diesel","Rigid 28 - 32 t","Euro IV",False,
"Heavy Duty Trucks","Diesel","Rigid 28 - 32 t","Euro V",False,
"Heavy Duty Trucks","Diesel","Rigid 28 - 32 t","Euro VI A/B/C",False,
"Heavy Duty Trucks","Diesel","Rigid 28 - 32 t","Euro VI D/E",False,
"Heavy Duty Trucks","Diesel","Rigid 28 - 32 t","Euro VII",False,
"Heavy Duty Trucks","Diesel","Rigid >32 t","Conventional",False,
"Heavy Duty Trucks","Diesel","Rigid >32 t","Euro I",False,
"Heavy Duty Trucks","Diesel","Rigid >32 t","Euro II",False,
"Heavy Duty Trucks","Diesel","Rigid >32 t","Euro III",False,
"Heavy Duty Trucks","Diesel","Rigid >32 t","Euro IV",False,
"Heavy Duty Trucks","Diesel","Rigid >32 t","Euro V",False,
"Heavy Duty Trucks","Diesel","Rigid >32 t","Euro VI A/B/C",False,
"Heavy Duty Trucks","Diesel","Rigid >32 t","Euro VI D/E",False,
"Heavy Duty Trucks","Diesel","Rigid >32 t","Euro VII",False,
"Heavy Duty Trucks","Diesel","Articulated 14 - 20 t","Conventional",False,
"Heavy Duty Trucks","Diesel","Articulated 14 - 20 t","Euro I",False,
"Heavy Duty Trucks","Diesel","Articulated 14 - 20 t","Euro II",False,
"Heavy Duty Trucks","Diesel","Articulated 14 - 20 t","Euro III",False,
"Heavy Duty Trucks","Diesel","Articulated 14 - 20 t","Euro IV",False,
"Heavy Duty Trucks","Diesel","Articulated 14 - 20 t","Euro V",False,
"Heavy Duty Trucks","Diesel","Articulated 14 - 20 t","Euro VI A/B/C",False,
"Heavy Duty Trucks","Diesel","Articulated 14 - 20 t","Euro VI D/E",False,
"Heavy Duty Trucks","Diesel","Articulated 14 - 20 t","Euro VII",False,
"Heavy Duty Trucks","Diesel","Articulated 20 - 28 t","Conventional",False,
"Heavy Duty Trucks","Diesel","Articulated 20 - 28 t","Euro I",False,
"Heavy Duty Trucks","Diesel","Articulated 20 - 28 t","Euro II",False,
"Heavy Duty Trucks","Diesel","Articulated 20 - 28 t","Euro III",False,
"Heavy Duty Trucks","Diesel","Articulated 20 - 28 t","Euro IV",False,
"Heavy Duty Trucks","Diesel","Articulated 20 - 28 t","Euro V",False,
"Heavy Duty Trucks","Diesel","Articulated 20 - 28 t","Euro VI A/B/C",False,
"Heavy Duty Trucks","Diesel","Articulated 20 - 28 t","Euro VI D/E",False,
"Heavy Duty Trucks","Diesel","Articulated 20 - 28 t","Euro VII",False,
"Heavy Duty Trucks","Diesel","Articulated 28 - 34 t","Conventional",False,
"Heavy Duty Trucks","Diesel","Articulated 28 - 34 t","Euro I",False,
"Heavy Duty Trucks","Diesel","Articulated 28 - 34 t","Euro II",False,
"Heavy Duty Trucks","Diesel","Articulated 28 - 34 t","Euro III",False,
"Heavy Duty Trucks","Diesel","Articulated 28 - 34 t","Euro IV",False,
"Heavy Duty Trucks","Diesel","Articulated 28 - 34 t","Euro V",False,
"Heavy Duty Trucks","Diesel","Articulated 28 - 34 t","Euro VI A/B/C",False,
"Heavy Duty Trucks","Diesel","Articulated 28 - 34 t","Euro VI D/E",False,
"Heavy Duty Trucks","Diesel","Articulated 28 - 34 t","Euro VII",False,
"Heavy Duty Trucks","Diesel","Articulated 34 - 40 t","Conventional",False,
"Heavy Duty Trucks","Diesel","Articulated 34 - 40 t","Euro I",False,
"Heavy Duty Trucks","Diesel","Articulated 34 - 40 t","Euro II",False,
"Heavy Duty Trucks","Diesel","Articulated 34 - 40 t","Euro III",False,
"Heavy Duty Trucks","Diesel","Articulated 34 - 40 t","Euro IV",False,
"Heavy Duty Trucks","Diesel","Articulated 34 - 40 t","Euro V",False,
"Heavy Duty Trucks","Diesel","Articulated 34 - 40 t","Euro VI A/B/C",False,
"Heavy Duty Trucks","Diesel","Articulated 34 - 40 t","Euro VI D/E",False,
"Heavy Duty Trucks","Diesel","Articulated 34 - 40 t","Euro VII",False,
"Heavy Duty Trucks","Diesel","Articulated 40 - 50 t","Conventional",False,
"Heavy Duty Trucks","Diesel","Articulated 40 - 50 t","Euro I",False,
"Heavy Duty Trucks","Diesel","Articulated 40 - 50 t","Euro II",False,
"Heavy Duty Trucks","Diesel","Articulated 40 - 50 t","Euro III",False,
"Heavy Duty Trucks","Diesel","Articulated 40 - 50 t","Euro IV",False,
"Heavy Duty Trucks","Diesel","Articulated 40 - 50 t","Euro V",False,
"Heavy Duty Trucks","Diesel","Articulated 40 - 50 t","Euro VI A/B/C",False,
"Heavy Duty Trucks","Diesel","Articulated 40 - 50 t","Euro VI D/E",False,
"Heavy Duty Trucks","Diesel","Articulated 40 - 50 t","Euro VII",False,
"Heavy Duty Trucks","Diesel","Articulated 50 - 60 t","Conventional",False,
"Heavy Duty Trucks","Diesel","Articulated 50 - 60 t","Euro I",False,
"Heavy Duty Trucks","Diesel","Articulated 50 - 60 t","Euro II",False,
"Heavy Duty Trucks","Diesel","Articulated 50 - 60 t","Euro III",False,
"Heavy Duty Trucks","Diesel","Articulated 50 - 60 t","Euro IV",False,
"Heavy Duty Trucks","Diesel","Articulated 50 - 60 t","Euro V",False,
"Heavy Duty Trucks","Diesel","Articulated 50 - 60 t","Euro VI A/B/C",False,
"Heavy Duty Trucks","Diesel","Articulated 50 - 60 t","Euro VI D/E",False,
"Heavy Duty Trucks","Diesel","Articulated 50 - 60 t","Euro VII",False,
"Heavy Duty Trucks","CNG","Rigid <=7,5 t","Euro VI D/E",False,
"Heavy Duty Trucks","CNG","Rigid <=7,5 t","Euro VII",False,
"Heavy Duty Trucks","CNG","Rigid 7,5 - 12 t","Euro VI D/E",False,
"Heavy Duty Trucks","CNG","Rigid 7,5 - 12 t","Euro VII",False,
"Heavy Duty Trucks","CNG","Rigid >12 t","Euro VI D/E",False,
"Heavy Duty Trucks","CNG","Rigid >12 t","Euro VII",False,
"Heavy Duty Trucks","CNG","Articulated < 40 t","Euro VI D/E",False,
"Heavy Duty Trucks","CNG","Articulated < 40 t","Euro VII",False,
"Heavy Duty Trucks","LNG","Articulated < 40 t","Euro VI D/E",False,
"Heavy Duty Trucks","LNG","Articulated < 40 t","Euro VII",False,
"Buses","Diesel","Urban Buses Midi <=15 t","Conventional",False,
"Buses","Diesel","Urban Buses Midi <=15 t","Euro I",False,
"Buses","Diesel","Urban Buses Midi <=15 t","Euro II",False,
"Buses","Diesel","Urban Buses Midi <=15 t","Euro III",False,
"Buses","Diesel","Urban Buses Midi <=15 t","Euro IV",False,
"Buses","Diesel","Urban Buses Midi <=15 t","Euro V",False,
"Buses","Diesel","Urban Buses Midi <=15 t","Euro VI A/B/C",False,
"Buses","Diesel","Urban Buses Midi <=15 t","Euro VI D/E",False,
"Buses","Diesel","Urban Buses Midi <=15 t","Euro VII",False,
"Buses","Diesel","Urban Buses Standard 15 - 18 t","Conventional",False,
"Buses","Diesel","Urban Buses Standard 15 - 18 t","Euro I",False,
"Buses","Diesel","Urban Buses Standard 15 - 18 t","Euro II",False,
"Buses","Diesel","Urban Buses Standard 15 - 18 t","Euro III",False,
"Buses","Diesel","Urban Buses Standard 15 - 18 t","Euro IV",False,
"Buses","Diesel","Urban Buses Standard 15 - 18 t","Euro V",False,
"Buses","Diesel","Urban Buses Standard 15 - 18 t","Euro VI A/B/C",False,
"Buses","Diesel","Urban Buses Standard 15 - 18 t","Euro VI D/E",False,
"Buses","Diesel","Urban Buses Standard 15 - 18 t","Euro VII",False,
"Buses","Diesel","Urban Buses Articulated >18 t","Conventional",False,
"Buses","Diesel","Urban Buses Articulated >18 t","Euro I",False,
"Buses","Diesel","Urban Buses Articulated >18 t","Euro II",False,
"Buses","Diesel","Urban Buses Articulated >18 t","Euro III",False,
"Buses","Diesel","Urban Buses Articulated >18 t","Euro IV",False,
"Buses","Diesel","Urban Buses Articulated >18 t","Euro V",False,
"Buses","Diesel","Urban Buses Articulated >18 t","Euro VI A/B/C",False,
"Buses","Diesel","Urban Buses Articulated >18 t","Euro VI D/E",False,
"Buses","Diesel","Urban Buses Articulated >18 t","Euro VII",False,
"Buses","Diesel","Coaches Standard <=18 t","Conventional",False,
"Buses","Diesel","Coaches Standard <=18 t","Euro I",False,
"Buses","Diesel","Coaches Standard <=18 t","Euro II",False,
"Buses","Diesel","Coaches Standard <=18 t","Euro III",False,
"Buses","Diesel","Coaches Standard <=18 t","Euro IV",False,
"Buses","Diesel","Coaches Standard <=18 t","Euro V",False,
"Buses","Diesel","Coaches Standard <=18 t","Euro VI A/B/C",False,
"Buses","Diesel","Coaches Standard <=18 t","Euro VI D/E",False,
"Buses","Diesel","Coaches Standard <=18 t","Euro VII",False,
"Buses","Diesel","Coaches Articulated >18 t","Conventional",False,
"Buses","Diesel","Coaches Articulated >18 t","Euro I",False,
"Buses","Diesel","Coaches Articulated >18 t","Euro II",False,
"Buses","Diesel","Coaches Articulated >18 t","Euro III",False,
"Buses","Diesel","Coaches Articulated >18 t","Euro IV",False,
"Buses","Diesel","Coaches Articulated >18 t","Euro V",False,
"Buses","Diesel","Coaches Articulated >18 t","Euro VI A/B/C",False,
"Buses","Diesel","Coaches Articulated >18 t","Euro VI D/E",False,
"Buses","Diesel","Coaches Articulated >18 t","Euro VII",False,
"Buses","Diesel Hybrid","Urban Buses Diesel Hybrid","Euro VI A/B/C",False,
"Buses","Diesel Hybrid","Urban Buses Diesel Hybrid","Euro VI D/E",False,
"Buses","Diesel Hybrid","Urban Buses Diesel Hybrid","Euro VII",False,
"Buses","Battery electric","-","Euro VI A/B/C",False,
"Buses","Battery electric","-","Euro VI D/E",False,
"Buses","Battery electric","-","Euro VII",False,
"Buses","CNG","Urban CNG Buses","Euro I",False,
"Buses","CNG","Urban CNG Buses","Euro II",False,
"Buses","CNG","Urban CNG Buses","Euro III",False,
"Buses","CNG","Urban CNG Buses","EEV",False,
"Buses","CNG","Urban CNG Buses <=15 t","Euro VI D/E",False,
"Buses","CNG","Urban CNG Buses <=15 t","Euro VII",False,
"Buses","CNG","Urban CNG Buses 15 - 18 t","Euro VI D/E",False,
"Buses","CNG","Urban CNG Buses 15 - 18 t","Euro VII",False,
"Buses","CNG","Urban CNG Buses >18 t","Euro VI D/E",False,
"Buses","CNG","Urban CNG Buses >18 t","Euro VII",False,
"Buses","Biodiesel","Urban Biodiesel Buses","Conventional",False,
"Buses","Biodiesel","Urban Biodiesel Buses","Euro I",False,
"Buses","Biodiesel","Urban Biodiesel Buses","Euro II",False,
"Buses","Biodiesel","Urban Biodiesel Buses","Euro III",False,
"Buses","Biodiesel","Urban Biodiesel Buses","Euro IV",False,
"Buses","Biodiesel","Urban Biodiesel Buses","Euro V",False,
"Buses","Biodiesel","Urban Biodiesel Buses","Euro VI A/B/C",False,
"Buses","Biodiesel","Urban Biodiesel Buses","Euro VI D/E",False,
"Buses","Biodiesel","Urban Biodiesel Buses","Euro VII",False,
"L-Category","Petrol","Mopeds 2-stroke <50 cm³","Conventional",False,
"L-Category","Petrol","Mopeds 2-stroke <50 cm³","Euro 1",False,
"L-Category","Petrol","Mopeds 2-stroke <50 cm³","Euro 2",False,
"L-Category","Petrol","Mopeds 2-stroke <50 cm³","Euro 3",False,
"L-Category","Petrol","Mopeds 2-stroke <50 cm³","Euro 4",False,
"L-Category","Petrol","Mopeds 2-stroke <50 cm³","Euro 5",False,
"L-Category","Petrol","Mopeds 4-stroke <50 cm³","Conventional",False,
"L-Category","Petrol","Mopeds 4-stroke <50 cm³","Euro 1",False,
"L-Category","Petrol","Mopeds 4-stroke <50 cm³","Euro 2",False,
"L-Category","Petrol","Mopeds 4-stroke <50 cm³","Euro 3",False,
"L-Category","Petrol","Mopeds 4-stroke <50 cm³","Euro 4",False,
"L-Category","Petrol","Mopeds 4-stroke <50 cm³","Euro 5",False,
"L-Category","Petrol","Motorcycles 2-stroke >50 cm³","Conventional",False,
"L-Category","Petrol","Motorcycles 2-stroke >50 cm³","Euro 1",False,
"L-Category","Petrol","Motorcycles 2-stroke >50 cm³","Euro 2",False,
"L-Category","Petrol","Motorcycles 2-stroke >50 cm³","Euro 3",False,
"L-Category","Petrol","Motorcycles 2-stroke >50 cm³","Euro 4",False,
"L-Category","Petrol","Motorcycles 2-stroke >50 cm³","Euro 5",False,
"L-Category","Petrol","Motorcycles 4-stroke <250 cm³","Conventional",False,
"L-Category","Petrol","Motorcycles 4-stroke <250 cm³","Euro 1",False,
"L-Category","Petrol","Motorcycles 4-stroke <250 cm³","Euro 2",False,
"L-Category","Petrol","Motorcycles 4-stroke <250 cm³","Euro 3",False,
"L-Category","Petrol","Motorcycles 4-stroke <250 cm³","Euro 4",False,
"L-Category","Petrol","Motorcycles 4-stroke <250 cm³","Euro 5",False,
"L-Category","Petrol","Motorcycles 4-stroke 250 - 750 cm³","Conventional",False,
"L-Category","Petrol","Motorcycles 4-stroke 250 - 750 cm³","Euro 1",False,
"L-Category","Petrol","Motorcycles 4-stroke 250 - 750 cm³","Euro 2",False,
"L-Category","Petrol","Motorcycles 4-stroke 250 - 750 cm³","Euro 3",False,
"L-Category","Petrol","Motorcycles 4-stroke 250 - 750 cm³","Euro 4",False,
"L-Category","Petrol","Motorcycles 4-stroke 250 - 750 cm³","Euro 5",False,
"L-Category","Petrol","Motorcycles 4-stroke >750 cm³","Conventional",False,
"L-Category","Petrol","Motorcycles 4-stroke >750 cm³","Euro 1",False,
"L-Category","Petrol","Motorcycles 4-stroke >750 cm³","Euro 2",False,
"L-Category","Petrol","Motorcycles 4-stroke >750 cm³","Euro 3",False,
"L-Category","Petrol","Motorcycles 4-stroke >750 cm³","Euro 4",False,
"L-Category","Petrol","Motorcycles 4-stroke >750 cm³","Euro 5",False,
"L-Category","Petrol","Quad & ATVs","Euro 1",False,
"L-Category","Petrol","Quad & ATVs","Euro 2",False,
"L-Category","Petrol","Quad & ATVs","Euro 3",False,
"L-Category","Petrol","Quad & ATVs","Euro 4",False,
"L-Category","Petrol","Quad & ATVs","Euro 5",False,
"L-Category","Diesel","Micro-car","Euro 1",False,
"L-Category","Diesel","Micro-car","Euro 2",False,
"L-Category","Diesel","Micro-car","Euro 3",False,
"L-Category","Diesel","Micro-car","Euro 4",False,
"L-Category","Diesel","Micro-car","Euro 5",False,
